['故宫 短评'],看过(1812),在看(145),想看(897),good_juge: 92%,normal_juge: 7%,normal_juge: 1%
ID,星级,评论,被引用,时间
nn,力荐,这是一个神奇的国家，纪录片永远拍得比其他东西好,222,2010-02-16 17:49:27
元宝宝,推荐,最熟悉也最陌生的建筑，它的神秘，威严还有那么多故事，都是吸引我走进它的原因！,22,2017-04-03 21:22:55
南方♪,推荐,李傲说过北京故宫是饺子皮 台北故宫是饺子馅 这话太对了 王献之的中秋帖 王荀的伯远帖 陆机的平复帖 李白的上阳台 张择端的清明上河图 还有那十几个汝窑瓷器 韩幌的五牛图 只有这些才是故宫极品,10,2009-01-07 22:33:25
[已注销],推荐,前面还好。后面很爱国主义教育。,19,2009-09-14 08:19:20
hddjdbdbdjjd,力荐,片子比故宫还棒！,19,2009-06-22 12:02:38
Clyde,力荐,大型历史纪录片中的扛鼎之作。我大概是03年去的故宫，彼时尚未有此纪录片。看完纪录片再游故宫，应可看出些许门道——它是故宫的最佳导游导赏。,1,2018-10-14 19:35:32
妖妖,力荐,不错，非常好看，长知识的同时也满足了俺对帝王和后宫的好奇。要是能再多点风水的讲解就好了，嘿嘿。买了一套，目前连尸体都找不到了。所以，俺再也不轻易出借俺评价4星以上的碟片。,4,2006-10-20 09:11:28
伍德与夏洛蒂,力荐,周兵啊周兵~~~~~~~~~~扛鼎之作~,0,2010-08-10 20:15:06
仲秋月含颦,力荐,呵呵，在我之前Aaron已经看了，我也要看~小子我们就要去北京啦~高兴吧？亲自去看故宫咯~几百万人动用那么多时间精力和生命建造的宫殿，我觉得我和他去北京后得用一天的时间好好逛逛才对~,0,2011-07-04 11:18:07
ROSE CUTE,力荐,中男解说员的声音真棒！日语的吹替版的男声实在太没感染力了。。。！,0,2010-05-28 18:14:21
十三月の永い夢,力荐,沉在历史厚重的帷幕里无法自拔，听着里面的音乐总有种想哭的感觉。技术很到位，我又想游故宫。用彭院长的话说故宫是世界上第五好的世界级大型博物馆。,0,2012-01-30 13:16:29
gia,推荐,神思者配乐NB！就是太尼玛二次元了。。。,0,2012-04-30 02:21:48
槛上人,推荐,央视拍摄的故宫，感觉分章有点乱，且涵盖不全面。苏聪的作曲，是不是就是那首《登殿》？解说的声音一直喜欢！,0,2009-08-07 13:33:04
英明不神武,力荐,第一次看到央视做出这么出色的纪录片来···,1,2010-07-10 21:37:21
讨厌你就扎小人,力荐,挺早以前看的，不过印象很深…,1,2012-05-25 23:12:10
听风,力荐,这伟大的凤毛麟角啊！看过这个我觉得中国籍挺好。,1,2011-02-20 18:06:35
Memento Mori,推荐,你们看过另一个剪辑版吗,0,2010-03-14 23:02:28
20个小明≯,推荐,初中，印象很深刻，那年看完春晚（《千手欢音》那届），CCTV-10首播的，大半夜全家都睡了，自己一个人关着灯看（之后一集不落的都追完了）…还记得那恢宏大气的配乐和美到极点的画面，只是少数几个刻意的特技镜头不是很完美。高中时又在《寰宇地理》看了NG剪辑重配的版本，今天无意间又看到了,2,2010-11-23 14:23:32
Suri,力荐,好想去故宫！好想去明十三陵！好想去故宫工作，修复字画什么的！！！民族自豪感蹭蹭蹭！！！文化是最好的爱国洗脑方式！！！,1,2013-12-25 14:36:20
风月四,力荐,弥补遗憾！！！去北京玩的时候居然迷失方向没找到入口……,2,2008-07-02 08:04:55
二道贩子,推荐,叙事缓慢，画面讲究，通篇解说词，知识点丰富。,0,2010-12-17 13:10:35
[未注销],推荐,想当年，我在高三的强压之下，每天八点半准时出来看这个，而我爸妈也十分民主且耐心的陪着我看。正是这部纪录片，让我认识了深藏在故宫里的那么多瑰宝，那些瓷器，那些书画，那些宫殿，还有那些美丽的人。,0,2012-08-12 15:35:58
唐僧洗头爱飘柔,力荐,"台北故宫博物院，有东西没地方，北京故宫博物院有地方没东西，是个

空壳。东西都被运到台湾去了。这批文物都是当年溥仪离开紫禁城留下

的，为避免战争辗转南京上海西南等地，最后随国民党来到台湾。控温

控湿防盗防震是基本要求。",0,2014-02-15 19:17:24
西风吹吹,力荐,一座宫殿 和 几个王朝的背影,4,2005-12-21 21:41:29
颙旻,力荐,算是国内纪录片的优秀品，思路清晰，OST做的不错。唯一的缺点就是创作思路还是中规中矩了,0,2010-09-07 21:46:49
汪sama,推荐,三维动画非常给力，历史故事非常传神，从多个角度描述了两朝的心脏，政务、生活、建筑、文化、艺术、礼仪、以及相关的种种人物，摄影和配乐都异常到位，长了见识，回想起来，以前课本上关于故宫的描述真没什么，而估计很多人对故宫的了解也不深深刻，那就试试这部纪录片，非常全面还原了这几百年的历史,0,2012-01-20 10:59:34
Br.G,力荐,时间轴略混乱，重点略不明确。但已是国产同类之佼佼。,0,2012-12-21 19:30:22
Elaine Xu,力荐,"厚重,原来跟《敦煌》一个导演拍的,怪不得对于解放前一批保护文物的知识分子的歌功颂德法拍得同样赚人热泪。",0,2012-01-03 23:58:04
龙猫,力荐,从这部电视纪录片里不仅得到知识，而且得到强烈的情感震撼，有自豪，有痛惜，有愤慨，有欣慰。这是一部值得每一个中国人认真观看的纪录片，我们会为身为一个中国人而骄傲！,1,2009-07-12 15:08:37
[已注销],推荐,好好的一个记录片，拍着拍着就成了爱国教育片。,2,2011-06-21 15:27:20
韦恩斯坦_李,力荐,大爱之作，文化经典。,0,2010-12-12 01:55:55
天曉得。,力荐,去北京前做的功課之一。,0,2007-01-04 00:23:29
mintvanilla,力荐,娓娓道来，甚是引人。当时看的时候总是想旁白要是任志宏，该多么销魂啊~~哈哈~~,2,2011-06-24 22:51:22
黑鼻子,力荐,这一段时间看过的最好的纪录片,0,2011-09-19 16:20:08
WSi,推荐,"感觉明代和清中时期故事很少,后面有些对当今歌功颂德了.基本上是通过插叙描述紫禁城的建筑/珍宝,不太按时间顺序有点乱.话说回来我离故宫十公里不到至今没去过也是惭愧啊…",0,2015-11-03 21:30:44
七月 莲灿，,力荐,初中的时候看的。一次次被那些瑰丽的珍宝震撼。,0,2012-11-03 13:50:15
烟视媚行,力荐,瑰丽的中国历史和文明,0,2009-04-20 19:46:56
慧達君,力荐,周志強解說就是提气！配乐真好,0,2009-02-01 16:49:23
采采小蝇,推荐,虽然距我的期待有不少距离，还是一部很花心思的纪录片,0,2006-11-20 23:58:06
yamamaya,推荐,火烧圆明园给中国人最大的刺激大概是一个国家赢弱到连自己的文明都无法保护，整个中国文明都面临覆灭，那种绝望恐怕是后来这个国家会选择现在这个发展方式的原因吧，也是前进的源动力，对比之下还是更喜欢台北故宫这部纪录片，更为入情（此片最后三集非常经典，中国的近代史真是太精彩了,0,2010-12-22 14:40:16
亚来,推荐,“祖先留给我们的遗产太多了，埋藏得很深，需要去苦苦地寻、深深地挖。”——赵其昌,0,2010-07-18 21:42:27
摇摇晃晃,力荐,看完去了一次故宫..现在回想起来还想再去..拜访古迹实际上是对文化的一种探索过程..,0,2007-10-26 18:10:10
拜托拜托拜托,力荐,好棒 这样看纪录片一点都不无聊,0,2014-01-21 04:18:17
管⁢⁢理⁢员,力荐,对故宫任何相关的事物片子都没有抵抗力。,0,2011-06-11 12:58:07
某S,力荐,当年具有划时代意义的创新的表现手法，直到今天看来都很领先，有时真反应不过来，2005年已经是12年前…表达很流畅，因为是故宫这个大的主题，所以有一些部分没法太深入讲，后来也有了更多像《我在故宫修文物》这样的片子，最终可以逐渐成为一个完整的系列。6-9集像书里的特刊，先跳过之后再看也无妨。,0,2017-02-23 19:32:36
SUPER 琬™,力荐,"不可多得的记录片, 值得反复欣赏",0,2009-12-17 10:17:10
突然粉碎,力荐,优秀纪录片，中国需要你,0,2010-02-22 23:09:40
陆支羽,力荐,备忘Mark。,2,2011-02-17 01:56:03
甜面壹壹酱,力荐,全套DVD摆家里,0,2011-12-03 15:25:42
薇羅尼卡,力荐,很不错，看过最好的国产纪录片。今天终于看完了，了解了很多~~,1,2006-03-28 17:53:20
立早太太,力荐,"是我最喜歡的紀錄片、

一開始是選修課的老師給看的，後來在電驢找到很好的資源，一口氣下了。

",1,2010-04-16 22:33:51
奔奔山,力荐,深深庭院见证中国沧桑巨变。很好的了解古玩入门片。,0,2009-12-20 16:16:32
solitude,推荐,历史性和趣味性结合的较好！,0,2012-07-11 09:06:04
蘭,力荐,很好的片子~~日本人比中国人更了解中国,0,2010-12-31 20:52:13
侯二六,力荐,頗喜歡談建築的《盛世的屋脊》一集。,0,2008-04-07 13:08:40
咖喱老人,力荐,一座极其雄伟的宫殿，承载了多少往事。,1,2010-05-27 22:41:54
湫,推荐,从点到线，整体记录结构清晰，拍摄技术也算上乘，尚未最佳。PS：填纪录片的坑就是容易从一个跳到另一个。,0,2012-06-04 20:36:24
wuya,推荐,"特技的应用是导演组特别自豪的,在越来越故事化的方式,还是以前的纪录片吗?",0,2006-11-18 17:24:13
X,力荐,拍的很美，能学到很多知识，之后就有了一定要去北京朝拜故宫的想法,1,2017-05-09 21:40:50
懒,推荐,让我对文物产生了强烈的兴趣-v- 高三看的,0,2008-06-07 19:40:37
A-Siss,推荐,看得快睡着了 纪录片真心不怎么爱看 后面有点爱国教育了 时间和空间交叉运用的结构还是很好的,0,2012-12-27 15:28:31
Aspllit,力荐,我看過的大陸拍的紀錄片中，這個應該是最優的。,0,2007-11-28 15:33:21
Ｍｉｎa,力荐,remarkable,0,2011-12-16 09:16:13
sugarandsalt,力荐,我无比狂热地热爱这部片，买回碟子看了不知道多少遍。回家之后还要再看的。,0,2011-12-22 09:05:14
July,推荐,制作的不错！,0,2008-06-09 12:55:00
Augenstern,力荐,晚上看阴气森森蛮慎人的，无奈只能白天看。科普完毕~~,0,2011-12-11 12:23:11
[已注销],力荐,一共12集，几乎一气呵成看完了，了解了很多知识，舒缓的富有磁性的男声娓娓道来，真正把人带进了历史，画面的质感也极富感染力，是一步上乘的纪录片，让人感觉真正是在用心完成的。,0,2010-03-10 17:54:24
明宇晨曦,力荐,从2009年第一次知道《故宫》到今天，她还是那么的令我青睐。无论是服饰道具、场景布置、历史考究、摄影、配乐、剪辑还是编排，都是最优秀最棒的纪录片。她超越了一般意义上的纪录片，使得纪录片上升为具有浓厚的文化意义的电影。,0,2017-11-18 01:15:34
季晨,力荐,"“这是一个神奇的国家，纪录片永远拍得比其他东西好”
想起看清穿的日子。。",2,2010-04-18 20:52:35
的云,力荐,里面的制作很有中国特色，很好的纪录片。,1,2008-01-03 21:16:19
Yu-chia,力荐,然后，寄给了小汤,0,2008-10-20 11:20:47
杜小那个神,力荐,“我喜欢听故事，听深沉男低音诉说着遥远的紫禁城……”，对比了NHK的故宫的至宝，神思者的配乐再牛叉也弥补不了纪录片之间的差距。历史就是需要娓娓道来！爱穿越的姑娘们，看过来！这个很重要！,0,2012-05-02 18:58:41
Jelly bean,力荐,央视最好的纪录片之一 业界良心宏伟巨制 不故弄玄虚不假意逢迎 所以说中国题材的纪录片还是应该由中国来拍摄,0,2013-03-10 22:37:17
穆忞,推荐,前面几集说的挺乱的，看完联系当下，还是挺为文物当心啊！,0,2012-05-21 22:15:02
Phyllis,推荐,前面都挺好。最后一集一般都是装那啥的，嗯,0,2013-12-29 21:22:16
达仔达,力荐,震撼。国产纪录片也这么牛逼。,0,2010-10-26 11:18:56
Eigagann🇨🇳,力荐,"迄今为止故宫纪录片里拍的最好的一部。
搭配《故宫100》、《故宫至宝(12集)》、《NHK故宫至宝-日史译组(26集)》、《台北故宫(12集)》、《探秘紫禁城(11集)》、《解密紫禁城(2集)》、《抢救倦勤斋(3集)》、《我在故宫修文物(3集)》共同食用尤佳。",0,2018-03-27 13:56:49
小八,力荐,"千千万万道不尽上下5000年的历史

叹息在历次浩劫中被毁的文物 看的我哭了",0,2009-09-19 12:45:11
落苏乔,力荐,受明史影响最近想再看一遍，超爱酱紫厚重叙述穿插华丽景象，史实观点又情感瑰丽的记录片啊！心甘情愿被洗脑。比起BBC，中国文化溯源记录片起步稚嫩，却需要更多酱紫的诚恳投入。,0,2013-10-22 21:30:07
语过添情,推荐,s.e.n.s,1,2014-05-26 08:37:57
ivvv,力荐,与《台北故宫》一起，看看皇家收藏，收藏界和中国艺术品的入门通识。,0,2014-05-01 18:52:35
莹小慢,推荐,周六逛故宫，狂补课~  故宫逛完，此片很棒！,0,2014-03-23 19:53:51
番茄猫,推荐,本来就对明清史不甚感兴趣，作为深度游北京的准备工作之一看了下来。感觉万历就是一废物点心…… 弘历就是一自恋狂…… 好好的汉人天下和祖宗基业就毁在这俩玩意儿手上了……,0,2011-08-12 23:49:45
秋の午后时光,推荐,2020年才大修完。,0,2007-11-22 13:38:09
Белка,力荐,通用技术课看的，非常非常棒,0,2007-09-29 19:35:29
牤牛河左岸大师,推荐,力求详实，实属不易，3d做的也还可以。中国的纪录片也很不错的，看12集真实的小故事小段子，比看bbc的视觉大纪录片有意思多了（最后都烦的麻木了，真不是人干的事），显然中国的历史比外国有趣多了。,0,2012-03-16 19:43:07
竹清影,推荐,有故事的房子和物件，只是故宫里的珍宝介绍得不够详细。,0,2013-09-14 22:41:21
留住时光,力荐,看完后就一个念头，什么时候咱的那些个宝贝能回来呀？强烈推荐。,0,2007-08-03 11:12:21
食菠萝,推荐,行前功课。其实更喜欢《台北故宫》T.T……,0,2013-10-08 11:41:03
沉默的若亚,力荐,精品纪录片，可惜的是故宫真正意义上对外开放的宫殿和纪录片里的一比真是少之又少,1,2013-03-28 03:59:07
游心浩素,力荐,有关它的过去,0,2011-09-15 13:41:47
anitya,力荐,在大陆，还是有那么一批人在坚守着民族文化的底线，制作优良的纪录片精品。如能再细致讲述1949后那些疯狂年代故宫经历的惊心动魄就完美了。,0,2012-11-01 22:40:30
例假小酥肉,力荐,这些旁白的声音都性感死了！（¯﹃¯）,0,2012-06-11 14:17:23
阿吴,推荐,"那场景壮观的。。。

",0,2011-01-17 16:54:24
三金,推荐,还没尽兴，它就完了。。。呵呵,0,2010-11-26 22:00:15
everydaywalker,力荐,"制作精致甚至堪称华丽的纪录片,CCTV自制节目的精品。配音和配乐都大赞，就是特效粗糙了些，其实镜头下的文物本身已足够精美，蕴含着很多故事和历史，不必再用特效去衬托表现。",1,2014-01-25 11:49:14
Katherine,力荐,很好很强大~~,0,2011-03-07 08:00:26
[已注销],推荐,总会忍不住想到故宫怪谈之类的事去...  其实是牛逼之作啊,0,2012-09-23 10:08:21
yukainju,力荐,good。,0,2011-03-07 19:15:41
tsubasa-zero,力荐,中国，这是我们之所以为中国人的证明,0,2012-03-16 22:10:21
绛珠,力荐,"画面很美，叙述没有太多条框；描述了故宫建筑风格，馆内宝藏，以及它随朝代兴衰经历的变化。里面的文物展示更是让人品位了一场场的视觉盛宴。

观来，心里不得不随故宫的命运或激动，或抑郁，或愤懑，或安慰。。。相当不错的一部国产纪录片。",0,2010-09-04 14:56:35
[已注销],推荐,雄浑厚重，温润典雅。,0,2012-06-25 21:38:15
简恩,力荐,看了很想再去一次故宫,0,2008-12-28 14:15:11
大头绿豆,推荐,长见识！,0,2007-12-09 11:29:37
涉外山頂人™,推荐,剪接做的不错。,0,2009-09-26 22:54:47
TTTTTTTTTTTP,力荐,中国的政府办公楼大兴土木是有历史传统的,0,2011-04-23 13:29:34
yu,力荐,"精彩绝伦,美伦美奂",0,2007-10-23 13:32:03
Fan,力荐,我们的骄傲,1,2010-03-16 17:42:50
手镯,推荐,电脑技术很精彩。,0,2007-01-15 22:46:08
麦菜的诗,力荐,一座宫殿，一段历史,1,2012-09-12 23:03:17
嘎末豆,推荐,"不喜欢那解说的声音，前4集让人只想到皇权威严，后面才慢慢好起来！
明朝的体制，很有三权分立的味道。国家宝藏曾是灵啊，有一片碎瓷，就发大啦～～～文物的散失很让人痛心，但那也是历史。国亡尚有复国之日，文化一亡则永无补救。",0,2010-03-02 23:43:32
春风颜色,力荐,为华夏民族的源远流长 奔腾不止的文明 骄傲一个的先,0,2006-08-02 23:40:11
熊极无聊,推荐,推荐是因为比较全面。但是实在 没什么新意。,0,2007-08-02 17:47:31
贤之枫端,推荐,很好的纪录片，尤其前几集的3D做的很出色。因为《舌尖》才知道其实央视之前最卖座的纪录片。只是看完我是真的有点痛恨那万恶的封建制度了！,0,2012-06-27 11:21:50
暗夜大总统,力荐,每次同学来北京前，我都要重新看一遍，为了一次装逼，背后要付出太多努力。。。,0,2010-04-04 15:21:20
冇有,力荐,震撼，真棒,0,2006-02-13 17:10:50
O,推荐,这个我也看过，我是有多喜欢看CCTV,0,2012-05-25 11:57:21
风斯逸,力荐,毛概课看的，当时特爱上毛概课。期末考试背别人笔记都是背的”太祖的第一任老婆叫文七妹“,0,2012-11-20 03:57:00
[已注销],力荐,"CCAV我最喜欢的系列片之一,也许是第一.",0,2010-05-22 17:31:02
知恒,力荐,没有电脑特技的渲染，淡淡的叙事与讲述，比《大明宫》强很多,0,2010-10-21 04:32:24
冻冻kirakira,力荐,当年每天晚自习回家和老爸老妈一起准时看~~~,0,2012-07-06 11:54:46
nelory,力荐,第六集开始越来越好看！从来没见过这么多牛逼国宝，话说故宫难道都只收着却不展出么…==…,0,2014-03-02 05:19:49
路人尖尖,力荐,抽空要再看一遍！！,0,2009-03-09 12:33:58
Sophie,推荐,与近期看的各式故宫纪录片相呼应。不同于侧重古建、文保的一些节目，本片串联不少历史事件，且兼顾明清。,0,2020-10-01 19:47:26
吃纸巾的人,力荐,精品纪录片 镜头里的故宫灵动逼真又恢宏震撼 摄影不亚于国家地理 解说尤其辞藻优雅 一级棒,0,2011-08-22 21:45:50
死小姐,力荐,超有feel的 老娘超想去故宫,0,2009-09-10 12:47:03
一叶孤舟,推荐,有些内容选择了避而不谈，但，它就在那，就是历史，现在不谈，总有一天会翻出来,0,2013-11-10 19:28:26
却山,力荐,再看纪录片的时候想起来第一次去故宫的人时候人不那么多，我一个人在红墙根下，心突然一阵一阵剧烈的疼，无声的哭的厉害，我也不知道哭什么。,0,2019-08-07 13:37:56
Simonejia,力荐,"节奏慢了一点,所以心情不好的时候就不想看了...",0,2011-01-24 23:52:23
Wikieepedia,推荐,本来有一些episodes很想给5分的，可是有一些全集充斥着我不喜欢的观点立场和调调：东西是人家的 人家拿走自己家的东西能叫偷？ 中国人写历史，尤其明清史，什么时候能客观点，能怀有温情与敬意一点？,0,2010-05-18 13:09:14
炑玉,力荐,比起台北故宫的风雅 故宫这片子格外正式官方与沉重,0,2013-06-14 23:54:23
沐梵,推荐,建筑、馆藏、人物、事件，故宫神思，触摸历史跳动的脉搏。,0,2016-09-08 12:57:47
Sabrina,推荐,其实最后一集有些散了，开始几集还不错。,0,2015-01-26 09:16:38
Syrah,推荐,虽然评价甚高，却更喜欢<台北故宫>呐,0,2012-03-04 14:19:20
蓝色波丽露,力荐,从小到大最理想的工作单位——故宫博物院,0,2019-05-03 01:27:33
梦觉城笳,力荐,是极好的!!,0,2011-11-26 17:47:42
淺香,力荐,高中时候看过 口水哗哗的 都是宝贝哇,0,2012-05-17 04:41:11
up in the air,力荐,作为中国人，怎能不仔细了解故宫的来龙去脉了。这是一个神奇又神秘的地方，里面发生的故事绝对不是用一个纪录片就能概括得了的。,0,2013-06-07 18:36:32
苏玉,推荐,Apr.02 2013 始。看见朱家溍先生名字上的黑框我眼泪差点冒出来.. Ep1. 原来丹陛桥跟丹陛石有相通之处。Ep2. 太和殿上第十只脊兽行什，以及梁上的符板当真是头回听说，长见识了。,0,2019-11-17 07:32:47
U,推荐,还是多年前看多的第一集最有趣，中间几集一般，最后一集最感动。为那些为了使文物留存而付出努力的人致敬。故宫的云拍的太美了。,0,2015-09-30 19:43:58
鲢鱼头小皮皮,推荐,内容选择抒情，节奏慢感情溢出。对建筑、藏品的介绍都不够多也不够专业。,0,2020-07-24 12:38:35
[已注销],力荐,！！！！！！！！！！！！！！！！！！！！！！！,0,2010-03-23 19:32:05
晓荷,力荐,一直很喜欢故宫的历史，上次匆匆鸟瞰，再次去时，一定好好看看作作功课,0,2007-02-16 12:28:34
shirley,力荐,当时只断断续续看了几集。央视佳作。,2,2010-03-13 16:58:47
林深不知处,力荐,除了最后一集有歌功颂德之嫌（说张伯驹先生赠毛先生李白字帖的事难道不是高端黑），前面十一集都是对故宫的完美陈述。前世今生，建筑之美，文物之美，两代之故宫却是几千年文明之精华。家国之间通过明清两代皇帝居所跟办公之处距离的远近说政权体制的变化，深入浅出，这才是适合文盲看的好纪录片。,0,2016-05-11 18:50:36
高颀,力荐,中国排别的不行，历史文化类的纪录片还是很NB的，作为国人，故宫应该是必看的。,0,2011-11-15 11:27:56
不能自理,力荐,看完有冲动让你身临其境想去体验一把都要打5分。OST很棒！,0,2013-07-07 20:04:02
滚滚@xuan,力荐,"拜谢那些过去现在未来的文物保护者们！
文物的价值其实就是时间价值的物质体现哪！！",0,2010-12-10 16:13:10
清,力荐,很好的一部纪录片~,0,2010-04-11 12:43:55
救死扶伤安嘉和,力荐,相对保存完好的故宫，这种纪录片拍多少季都不会腻啊～,0,2017-05-16 10:12:17
秦繼,推荐,鱼肉百姓啊,0,2008-10-23 03:27:12
木桃阁,力荐,搭配这段时间痴迷的清穿～魂魄俱许，抽空要多多地去去故宫。,0,2011-08-29 19:06:28
浅浅四月,力荐,这套我买过ＯＴＬ,0,2009-06-06 12:37:22
romqqi,推荐,内容还算翔实，解说也不错，但是拍摄手法、技巧就属于中下水平了，跟bbc的比起来还有很大差距。想想也难怪，连奥运开幕式和60周年阅兵式都拍不好，这水平能高吗？,0,2010-02-17 15:06:33
"52479│準備考雅考J,加油",力荐,很不錯的一部劇集 對照著NHK系列的一起看,0,2007-12-24 10:39:36
Quentin,力荐,花了一天时间看完。 还顺便去看了下 故宫3D版。把所有地图研究了一遍。历史加上 地图。填补好很多漏洞。谢谢,0,2018-07-07 01:09:06
[ 大 麻 ],推荐,后学生时期在大学自习 巧合蹭了一节课 放的片子 真的不错、,0,2012-05-25 23:24:34
张菩菩,推荐,很早的作品了，奇怪的是除了运木头和系列片的开头其他我都想不起来了。,0,2019-03-14 18:00:30
JK0,推荐,看到最后一集，发现居然就是几年前在电视上看到的那一段。很不错的纪录片，待到故宫后宫都开放了，一定要去一次。,0,2015-09-24 14:59:43
无聊,力荐,与其说是故宫，它的重点更侧重于故宫里的东西,0,2017-08-02 13:06:34
偶买噶,力荐,大陆难得一见的好纪录片,0,2010-06-05 13:16:31
深蓝,力荐,非常棒的一部片子，从历史，到馆藏，再到战争时期文物的转移，再到故宫的修缮，全面介绍了故宫。不过我最感兴趣的还是希望能把故宫的各个宫殿和电视剧上的对照起来。,0,2013-12-24 12:50:48
安,力荐,偶跟老爸都很喜欢看,0,2009-04-11 21:14:02
司馬追燕,推荐,在那么多电视台里，我最爱的永远是纪录频道啊,0,2013-08-30 12:31:20
北冰洋的海豹,推荐,很红．．很壮．．偶拍的升格也不错哦～ＨＯＨＯ～,1,2009-02-16 12:08:50
Fang,力荐,去过两遍故宫，若是当时就能带着历史背景去参观的话，肯定收获颇多。不过，应该将来还会再去。,0,2011-09-08 01:29:26
吃芙蓉的人,推荐,寂寞古行宫，可是我还是想在里面住住。,0,2008-06-18 00:25:52
Irene,推荐,"看了1-6,11,展品讲解的那几集不错,其他略浅.",0,2012-11-13 12:58:20
远方,力荐,挺棒的纪录片，去年去过一次故宫，不过是走马观花的看了一眼。后来再杂志上看到关于故宫的历史，突然对这个宫殿开始有了浓厚的兴趣，下个月打算带爸妈去北京玩，恶补下知识，到时候好有些话可以讲给父母听。,0,2015-10-29 13:31:48
jerryk,力荐,一定要看。。。看了圆明园。。再看故宫。。。会有种冲动,0,2008-09-05 23:47:11
Thoreau,力荐,去故宫。,0,2010-07-09 11:23:11
毒素,力荐,可能是大陆拍的最好的纪录片之一了，另一是再说长江,0,2011-03-07 13:47:13
qing-apple,推荐,喜欢最后的一些话。故宫古老而新鲜，承载着历史，创造着未来。很值得一看的一部纪录片，但总感觉，漏掉了一些内容。怎么故宫被这么隆重地珍惜保留了，外面的城墙却拆没了呢？,0,2014-04-14 23:32:24
葉。,推荐,囧和爸爸一起看的,0,2010-01-19 23:12:00
Sissi,力荐,我心心念念的故宫！,0,2012-09-02 22:13:02
+.kyo.+,推荐,2020年的时候要再去次，看看康乾盛世时的故宫。,0,2011-04-23 20:20:06
赵小Suo,力荐,明显拍纪录片的功夫要高于电视，电影很多。。。赞！,0,2012-09-15 18:18:57
小狼,力荐,这个真的很良心了,0,2013-10-07 22:49:20
Yiannis Lee,推荐,几年前看过的片子，这系列拍摄的时候故宫还没有卖萌、没有走网红风、没有后来一系列的热门事件。每每想起，萦绕耳畔的永远是神思者大气而旷远的配乐，兀自想象着岁月的年轮驶过的每一个黎明每一个黄昏，仿佛这华美的建筑从亘古之时就已经在此。现在，故宫离我们近了，但这种感觉却越来越远……,0,2019-05-18 22:06:51
梦黎,力荐,国粹神马的 看看 增进些常识吧。,0,2010-11-11 23:20:50
上官璎珞,力荐,有大美而无言。,0,2009-03-13 00:40:40
清蒸草鱼,力荐,很久之前一集不拉的看过 很有诚意的作品 ,0,2010-01-06 22:50:25
最烦想名字,力荐,高三历史课，周萍说上不下去了，看个片子放松放松,0,2010-05-27 23:20:31
陋习,力荐,六百年间的历史沧桑，风云变幻。从肇建到百年大修，故宫经历了太多天灾人祸，文物遭遇流转，焚毁，抢劫。特别是抗战时文物南迁，所有文物没有一件丢失破坏，可以想见那些工作人员的勤勉。作为唯一一个留存下的宫殿，何其幸运！(BTW:我想知道文革时期的故宫境况！),0,2015-09-23 19:46:56
青丝,推荐,丰富翔实，有什么样的统治者，就有什么样的国家。,2,2011-04-14 06:50:21
fanny,力荐,所有的宫殿建筑中，我最喜欢故宫。,0,2009-05-30 20:40:39
PandaHermit,力荐,感覺從介紹瓷器的那集開始漸入佳境，前面除了建造過程的内容，那些歷史讓我感到有點跑題了，可能介紹的事都熟悉了，差點看不下去，從瓷器那集開始欲罷不能。,0,2009-05-17 21:00:39
Riverdance,力荐,反反复复看过许多遍，“故宫”我还会再去的,0,2007-09-04 14:50:10
我不认识你,力荐,神秘的庭院让我着迷～,0,2012-03-16 17:40:52
阿奇波尔德,力荐,很难得一次性看完一部纪录片，但其实我是想看“紫禁城”而不是“故宫”，不过也不要错过此作,0,2013-03-10 00:05:15
hhh,推荐,看人文纪录片总想快进诶..,0,2011-02-22 02:55:25
MAM,力荐,第一次看  我就被震住了 在历史面前 我们太渺小了,0,2010-11-25 18:10:05
乌鸫,力荐,惊喜。,0,2006-11-20 09:24:55
查无此人,推荐,如果它拍在末代皇帝的年代，会比现在精彩百倍。说实在的，没有内涵，有的只是文物,0,2012-06-16 21:33:07
张大壮在脱脂,推荐,故事消费时代的精品。 与其说是经典的科教片，不如说是经典的消费故事片。大众文化已经吞噬了纪录本身的韵味。,0,2012-03-09 15:06:14
Balance,力荐,一直找不到清晰版的，想保存一下,0,2011-05-08 00:21:05
Annnnna.,力荐,看的时候真的好感动馁,0,2011-05-27 16:48:31
enenenenen,力荐,刚看完第八集，末尾小提琴和摇动的镜头搭配妙极了。不过，解说换成周野芒就好了。（就是新红楼梦的旁白~~~~~）,0,2013-06-21 19:56:35
ぐだぐだ,推荐,央視也有這麼好看的紀錄片,0,2011-01-06 01:30:26
牧天子,力荐,经典纪录片,1,2010-02-26 18:03:59
采蘩,推荐,看到乾隆这暴发户审美牛皮癣狂人被吹成文物护卫勇士，就连他在文物上乱涂乱画都被说成是对汉文化的热爱……捧清踩明溢于言表心里也是塞塞的,1,2016-08-06 19:08:47
尉迟子威,力荐,相当不错,0,2010-05-08 21:56:14
昭天圆,力荐,恢弘气度 大国风范,0,2014-05-08 19:53:22
Leonora,推荐,去北京前的HOME WORK,0,2010-03-12 15:51:39
RealSunny,力荐,反反复复看了很多遍，对故宫一直有着一种说不清道不明的情愫，当年在北京时每每去到故宫，眼前的每一块砖每一块瓦都会让我浮想联翩，有故事的地方，是去多少遍都不会腻的，这部片子也会保留在我的电脑里一遍一遍的看下去。,0,2011-03-26 23:17:36
doris的小豆豆,推荐,"节奏有点慢

",0,2006-11-10 14:35:27
Emmons,力荐,再次重温经典。如此精良的制作近几年都算罕见，几近完美的纪录片。,0,2012-01-20 18:10:21
Mr.P,力荐,DVD-收藏,1,2007-04-02 23:40:26
Doggze,力荐,最近很喜欢看记录片儿,0,2012-02-15 18:58:42
绵绵,力荐,"念念不忘千里江山。
这个旁白让人好生头疼，对于历史白痴来说，弘历是弘历，乾隆是乾隆。听他说了半天弘历，后来补一句，这个弘历就是乾隆，恍然大悟……噢……",1,2018-01-15 23:41:58
狗日的进村,力荐,就他妈的背景音乐大气！！,0,2012-02-19 19:49:28
LydiaJOY,力荐,大气恢弘却又细致入微，不仅诉说着一座建筑的历史，更是一场中华传统文化的巡礼。去过北京两次，而每次故宫都是必去的地方，期待下次的到达，可以有更多不同新鲜的感受,0,2012-08-03 17:54:44
7七7,力荐,很好看...我要是能把这里面的知识都记住了我就无敌了...,0,2011-12-27 14:11:42
白苏打饼干,推荐,很美的一部纪录片，音乐大气，讲述了故宫的前世今生。当年特地下了高清版本保存。,0,2018-11-28 15:16:36
Mido,力荐,画面很漂亮,0,2010-01-25 21:15:01
橙子1401,力荐,"那些流浪在外的国宝何时才能回到祖国妈妈的怀抱？
为那些损坏了的国宝感到惋惜，无价的文物因为一些蝇营狗苟的人而外流",1,2020-04-10 10:57:35
这么近，那么远,推荐,增长知识。“12集《故宫》将从故宫的建筑艺术、使用功能、馆藏文物和从皇宫到博物院的历程等方面，全面展示故宫辉煌瑰丽、神秘沧桑的宫殿建筑、丰富多彩，经历传奇的珍贵文物，讲述不为人知、真实鲜活的人物命运、历史事件和宫廷生活。触摸历史跳动的脉搏，传承源远流长的中华文明。”,0,2015-01-11 17:40:04
Ivana,力荐,冰冻三尺非一日之寒，故宫见证了帝国的兴衰,0,2013-06-15 05:08:20
息为,力荐,为了周末去参观故宫做一下准备。看到中间有点失望的，看到后面又回血了，真是太不容易了。作为纪录片缺点很多，预设情感立场、叙述逻辑混乱、历史阐释不够深入透彻……然而作为中国人，属于一个曾经那么辉煌却在近代被虐得那么惨不忍睹的民族，还是被一种文化复兴的使命感打动了。,0,2015-12-24 23:15:06
尹智龙,推荐,不错的纪录片,0,2009-05-05 11:52:22
Gale,力荐,气势磅礴,0,2010-02-02 20:14:51
水瓶孙,力荐,如果想仔细的逛故宫 那么这绝对是个必修片,0,2009-07-08 01:38:14
低首尘埃,力荐,绝对算是部纪录片精品。,0,2014-10-31 22:57:35
小小的团子,力荐,说实话，只有12集，很不爽，但是确实太精彩了,0,2016-04-13 22:42:48
抛书人,推荐,为不虚此行。,0,2009-07-12 21:22:30
Raguel,力荐,相当程度上满足了民族虚荣心……都是以前的……现在还剩下啥。。。,0,2010-06-03 12:44:26
cautiouslife,推荐,总体而言，质量过硬，其中的一些点抓得很精彩。印象最深的是宫廷西洋风一集，历史告诉我们明朝和清朝其实是如此早地接触到西方的现代科技，也在学习和创新，这是打破固有观念的。当时，这部纪录片本可以更精彩，条理可以更清楚，藏品的分集也不应该是这样。,0,2012-07-16 21:02:18
rollinglala,力荐,夜阑卧听风吹雨，铁马冰河入梦来。,0,2012-12-23 14:45:12
湖心石,力荐,拍摄设备价值太太太……,0,2010-05-15 20:16:21
lavina,推荐,多看记录片没有什么坏处的。。。,0,2010-02-16 14:46:47
suri,力荐,这种片应该作为教育资源普及 故宫是我永远的乡愁与骄傲,0,2011-10-05 11:55:56
小样儿,力荐,超爱！看不够,0,2010-01-20 11:59:34
山坡狼,推荐,虽然还较浅，但是仍然可以看看，只是可以更好。如果能够花再多些的笔墨去讲述那些珍贵文物的历史、文化内涵就好了。,0,2011-11-23 14:10:17
aatxlwrr,推荐,还是去台湾的宝贝是宝贝.,0,2013-02-22 04:46:26
Jackie太搶手,力荐,"摄影技术没话讲

",0,2008-06-22 22:58:03
顾王子,力荐,很好看，国人至少应该多了解这方面的知识,0,2010-01-15 16:58:06
赤橙の空,推荐,对故宫的起源、发展、礼仪、国家政治、皇家制度、瓷器、玉器、传统书画、西洋器物、近代史、现状与未来进行了介绍，是一部经典之作。但失之求大求全，不够深入。自2010年开始，断断续续观看，10年后的今天完结，希望今天的国人，能够用更加文化、更加深入的视角去解读故宫、理解故宫，拍出更加优秀的故宫纪录片。,0,2020-06-29 21:23:40
圣人百事,力荐,印象最深的就是那集介绍陶瓷的，反反复复看了三遍，陶瓷真漂亮，看着那么美的事物心灵就会安静下来。这是一部难得的国产好纪录片。,0,2012-01-12 02:09:45
RDG的栗子树,推荐,虽然厌恶某台，却很喜欢看这套纪录片。也算一枝独秀了。,0,2011-04-25 13:21:43
艺行动咖啡馆,力荐,从头细细的看了一遍！很全面很完整！和NHK的不一样，每集总会介绍到相关的历史！配乐很美,0,2009-04-27 10:56:07
爱谁谁爱咋咋,力荐,从拍摄到画面剪辑，都可以成为一部教学片。,0,2011-02-01 15:18:17
Mars,力荐,中国纪录片永远比中国电影好万倍。,0,2013-07-06 23:54:48
霜轩落笔,力荐,作为中国历史上最伟大的建筑群落，纪录片从最初的开始为我们讲述这个建筑的过去与未来，其中的真实历史与典故传闻一起引入我们的眼帘中。纪录片的内容很详尽，很充实，也真的很厚重。短短的纪录片代表不了什么，但是它就是我们的历史，是我们辉煌的过去。,0,2020-02-26 20:26:08
ღ sugar小奈,力荐,看到很多没有开放的宫殿内部，挺好的，满足了我的好奇心,0,2014-05-30 09:01:03
阿女女,力荐,故宫，过去的故事。然而，它是如此灿烂地辉煌，又是如此悲壮地陨落。300年，不过300年，历史已然天翻地覆。但我们仍可从那些高耸的围墙、金色的琉璃瓦、斑斓的彩绘、盘旋的群鸦中，窥到那些过去的人和事，摸到历史真切的脉络,0,2012-11-04 13:55:10
方咚咚枪枪,力荐,看过的最棒的央视纪录片,0,2010-10-29 22:36:41
D大人,推荐,大大的宫殿，小小的故事。让这个冬至下场大雪，让我去故宫吧。ps后面的春秋笔法不对前面的故事讲述来的好。,0,2011-12-09 23:14:43
惹毛塔斯克,力荐,NB,0,2010-04-02 12:42:53
随随,力荐,音乐很赞，即使闭眼听也能看到磅礴看到大气看到深宫看到沧桑。,0,2009-09-09 21:47:47
马克兔温,力荐,特别酷,0,2014-01-23 22:18:48
龙,推荐,课堂作业  想说带着浓浓的央视气息 宏大叙事,0,2011-12-22 12:36:37
rock,力荐,娓娓道来，引人入胜。对故宫的了解又加深了不少。,0,2013-08-03 14:29:21
蚂蚁脸不大,力荐,天朝的纪录片不得不说拍的还是很良心的，大气恢弘可看性强,0,2016-07-14 15:04:56
鴆,力荐,未完待续的考古学家和北京情结.,0,2007-08-17 16:22:28
Bearnne,力荐,我怎么就这么喜欢你呢，我的祖国~~~~~,0,2011-11-05 12:40:32
男高音书法家,力荐,终于把台北故宫和北京故宫的两个系列纪录片全看完了,0,2019-12-25 16:36:25
在山上听雨声,推荐,还是不错的。就是凶杀案略有阴影，二哈脸。,0,2018-08-03 16:11:57
乒乓乒乓乒,力荐,我们国家太适合做这种历史纪录片，很棒！,0,2016-01-05 15:28:18
考拉小姐耳鸣中,推荐,等到2020年后故宫大修结束了再去一趟故宫,0,2012-07-20 20:05:52
左岸,推荐,长知识，最后一集还看到了修文物里书画组的杨老师，那时候很年轻哇。正好下周回北京可以去一趟故宫。故宫的雨景雪景都拍的好美啊,0,2016-08-17 23:20:32
soleil,推荐,什么时候能好好看完个纪录片？！,0,2012-04-23 09:49:39
MomoLee猴纸君,力荐,《故宫》和《大国崛起》一直在收藏之列，两者作为历史文化科教纪录片，绝对是精品之作。,0,2011-11-30 13:24:34
cynthia,力荐,好多宝贝~~,0,2008-05-19 23:55:44
醉桃,力荐,能够去故宫内实地取景很幸运，所以出片的效果也非常好。依靠光阴明暗四季流转，遽然就透出历史沧桑变化不定的感觉来。配合音乐和主持人沉稳的解说，一切都按照高规格来执行的成果就是即使以器物穿梭叙事，依旧能够令人折服无比！,0,2011-03-09 16:24:43
面同学,力荐,看得朕各種想去故宮一輩子伺候那些瓶瓶罐罐書畫樓臺喂~~,0,2013-01-27 17:19:15
茶逗,推荐,为了艺术概论作业看的，很好很强大~~~,0,2010-01-25 19:11:23
Hacken,力荐,应该说是一部前后高潮中间平淡的纪录片；确实，我们应该为自己生在一个有着如此灿烂文明的国家感到骄傲，虽然片中也极力强调了这一点,0,2012-08-26 20:27:18
次次,推荐,那时候看完，老在幻想。故宫啊故宫。。,0,2010-05-25 01:49:53
Forose,推荐,很喜欢前面讲历史讲建筑的部分，我以为放在建筑上的篇幅还可以再多一点的。第一集尤其精彩，于是简单拉了一下。主创们对正德、万历几位的印象真的很不好啊…,0,2018-03-23 19:51:21
狐狸大學士,力荐,这是中国纪录片上的又一个历程碑，从历史事件，人物和文物，从古至今无一不谈。音乐动人画面维美，从各方面来研究这个世界第一大皇宫。听说还有续集，不知道拍完没。,0,2012-09-14 12:10:14
小飞侠1987,力荐,三四年前看的，至今仍记得其中一段，当时在太和殿施工整修时，在屋顶之下横梁之上找到清宫文物，不知道还有多少历史深藏在这深宫的某一处角落,0,2017-11-11 12:57:13
DW,力荐,CCAV的好片之一,0,2011-05-16 11:35:24
邹七七,推荐,看完重新对明清相关历史有些了解，也清楚了一些文物流向了哪里，世界如此大，很想去看看。,0,2019-08-01 22:44:40
R氏孤独患者,力荐,好想穿越。。。,0,2010-06-17 04:12:47
Rhiico,力荐,第一次看的有关故宫的纪录片，很喜欢，学到了很多！！,0,2012-09-27 07:05:14
憨憨,力荐,能够帮助人们认识与了解故宫,0,2010-12-08 19:59:13
黑面小生yvonne,推荐,挺客观的，提出迁都的朱棣伟大。遗憾的是故宫博物院院长的几次出镜解说，操的不知什么方言，坏了这锅汤。,0,2012-04-21 18:52:56
钟表小闹,推荐,科普性纪录片，可以看一发。,0,2012-05-22 15:04:15
撒么而,推荐,我发现越来越喜欢看纪录片了,1,2009-03-20 13:40:25
calendar,力荐,补标记，当时是小学的时候，每天晚上守着看~,0,2017-10-28 19:17:56
瑨二,力荐,太好太好看，太美太美，这些无法完全踏足的地方，只能靠CCAV来弥补，太感谢,0,2013-03-22 19:28:09
Daisy,力荐,极好看并推荐！,0,2010-08-16 00:03:49
Dou。,力荐,我终于把这12集看完了。相当好嘛！2020年故宫大修完应该再去看看。,0,2012-01-25 12:14:26
心清如玉,力荐,CCTV高清的经典，了解中华文化的一个很好切入点！推荐！,0,2011-10-16 19:30:54
[已注销],力荐,伟大的建筑，曾经的辉煌。希望中国人的精神亦能如是。,0,2011-09-04 19:33:31
如果,力荐,没看完,0,2010-06-27 03:14:09
在路上,推荐,历史的再现,0,2009-03-23 10:24:38
燃烧的小太阳,推荐,有几集战争内容的不忍心看下去。满以为看完再重新走一下故宫，结果看完就忘记了，再想起这念头的时候，片子内容又忘记啦Σ( ° △ °|||)︴,0,2015-09-10 18:03:08
Lorraine,力荐,实在是太喜欢了,0,2009-09-27 21:33:02
牛推鸭大爷,推荐,讲瓷器那集提到了在故宫里修文物的那群人啊！！！,0,2016-03-12 22:02:41
Joyce,力荐,经典啊！难得中国拍出一部那么大气，又不说教的片子。历史沉淀,0,2010-06-14 12:04:01
F小星♡,力荐,历史应该这么讲,0,2010-05-26 23:17:02
[已注销],力荐,偶当年还买了盘。。。,0,2011-12-12 10:18:23
孑秩,力荐,一代神作，如今看来依然诚意慢慢，就是文案的时间线来回跳转稍显凌乱。,0,2019-06-27 11:48:31
jibber-jabber,力荐,当年就是看了这部 让我好想去北京读大学 表姐问我为什么想去北京 我说我想在故宫里面骑单车,0,2012-09-05 14:30:51
大眼袋儿姨娘,推荐,“亡国尚有复国之日，文化一亡，则无补救。”,0,2011-07-02 17:05:57
庭柯飞鸟,力荐,中轴线上的故事。,0,2014-01-20 05:31:48
黑泽尔,力荐,高中历史课看的，赞一个,0,2013-01-06 07:20:38
Pheno,力荐,摄影师拿捏非常到位，解说词很棒，可惜配音太过字正腔圆影响了整体观赏，建议看高清版~,0,2011-02-26 02:55:52
一粒小星尘,力荐,世事沧桑，兴衰际遇。历史文化的严酷与温润兼而有之。,0,2017-04-15 20:42:43
洛尘,力荐,小时候看的纪录片，记得看过好几遍，现在偶尔看到其他纪录片里出现《故宫》里的镜头还是能一眼认出来，对于故宫的基础知识讲解细致，很经典！,0,2016-10-11 10:26:59
化羽而飞一恐龙,推荐,趣味性略微低了些，有时候会觉得有些枯燥。,0,2012-02-25 16:47:20
pamelawei,推荐,算拍得可以的了，很少中国自己能把这种专题片拍得这么好，鼓励一下,0,2010-04-03 20:03:46
源气少女,力荐,大爱故宫！有人说因为一个人爱上一座城，我可以因为故宫而爱上北京吗？,0,2012-06-01 19:29:48
郦十久,力荐,拍得还是蛮好的,0,2010-02-18 14:53:47
myrrh破了,力荐,挺好的片子。,0,2009-07-08 21:19:09
Alaino Fumihiro,推荐,如果没有最后一集关于新中国的就好了,0,2012-12-23 14:05:44
。,力荐,很完美。,0,2010-12-18 19:21:02
贻呀贻呀哟,力荐,一声叹息。,0,2010-11-24 16:19:04
Jeremy,推荐,我找你找了好久 @@..,2,2009-02-26 14:33:28
游弋的人,推荐,很多知识,0,2014-06-11 23:20:31
[已注销],力荐,中国的瑰宝，世界的瑰宝。中国人的必修课。,0,2008-05-28 17:26:13
David Kei,力荐,非常好的一部片子,0,2006-05-19 19:51:24
Miracle,力荐,无论是摄影，解说还是结构都堪称完美，只是故宫的熙攘再也没有了往日的感觉,0,2010-09-26 15:18:35
deleteall,力荐,央视拍拍这样的纪录片就很不错，别整那些宝莲灯天地传说之类的神话剧了,0,2012-02-06 18:32:14
海源宝宝,推荐,将尘封的历史娓娓道来，最后一集不看也罢。,0,2012-03-15 19:17:22
三北豆酥糖,力荐,建筑史课上又看了一遍- -，，，,0,2010-12-21 13:51:31
小米,推荐,文明不容忘却,0,2007-04-16 16:11:44
猫,力荐,我非常非常喜欢这套纪录片。。。,0,2011-05-26 01:19:18
bo,力荐,国家残破，民族危亡，故宫文物和这个民族经历了一次次的浩劫与大流迁，见证了那段动荡、忧伤的历史。所有为了保护这些宝贵的国宝而做出贡献的人，都让人感动！,0,2009-10-11 21:33:47
也罢,推荐,在知道了背后做片子的人是过什么样的生活之后，我觉得应该给五星。以中国现有的条件，能做这样真靠的是职业精神和荣誉。希望我的有生之年，能够让这个行业的人即获得职业荣誉，又能过得小康,0,2011-05-12 00:15:34
燃,力荐,官方片嘛，你懂的···········,1,2011-06-13 14:27:29
neo-mainstream,力荐,悠久灿烂、辗转曲折的历史为纪录片提供了无可匹敌的素材，这部片子也堪称经典。,0,2018-03-07 22:30:40
山山来此,推荐,毕竟年代太久远了，当时引以为傲的3D模型复原现在看起来好假好粗糙，片中还360度来回正反顺逆的展示，有种生怕别人不知道我有多牛逼的感觉，略显尴尬，编导眼界所限跳不出时代的炫技，也注定这部纪录片没法成为能跨越时光的经典。,0,2020-01-12 12:28:35
小曼,力荐,一样很值得看，我们都需要知道这些历史。,0,2009-04-11 09:01:59
Tina,力荐,强烈推荐，不可多得的国内好纪录片,0,2014-01-11 21:55:38
空思,推荐,精品,1,2012-05-30 19:45:23
Bingo,力荐,永远的故宫。,0,2011-05-21 03:04:20
波罗菠萝,力荐,非常棒，就是有些演员有点尴尬，是工作人员吗,0,2016-03-31 02:40:58
Zing,力荐,历史纪录片中少有的精品，故宫的来龙去脉和对帝王将相的讲述都很精彩，里面的一砖一石都是历史，或沉重、或轻松。每集片头结束俯拍紫禁城的镜头出现时都不禁由衷地感慨如此气势磅礴、大气辉煌的建筑群真是在世界上也绝无仅有。当时在看《国家宝藏》时听说到的“文物南迁”在故宫后几集了解更多后情绪很是复杂，如果没有那一个个拼死护送的故宫人，那我们听到红墙黄瓦是不是会少一分感性？如果乡愁于人而言是一弯浅浅的海峡，那对国宝来说又意味着什么？国宝平安归来后的“百废待兴”，在当下这个时候我是能体味到其间的滋味的，愿世界会如潜龙在渊般蓄势待发而后破势而出吧！,0,2020-03-30 16:20:07
ryan,力荐,国产精品,0,2010-03-23 18:46:41
Ling,推荐,故宫是个太大的题目，因此面面俱到的记录一定会显得或条理不清或重点不显；如此看来，那个5min一个片段的故宫反而讨巧许多了。解说词依旧是秉承了又红又专的一脉而来，仿佛新中国便是天上神仙宫一般，非得凸显出来不可，十分可憎。,0,2014-10-21 09:57:59
倾蕙宁,力荐,被吴老师送了DVD。,1,2010-08-07 14:24:29
Solomon,力荐,故宫确实既古老又新鲜，作为博物馆的故宫还有太多可以挖掘的地方。只可惜每次人都这么多，还有就是很多馆藏和建筑也暂未开放。,0,2015-09-24 13:37:43
羊羊羊,力荐,中国的博大啊,0,2010-06-16 15:56:36
儿子,力荐,典范,0,2010-12-11 19:12:48
Scarlett,力荐,兰州小伙之周兵,0,2012-03-10 10:13:32
dac,推荐,故宫 (2005),0,2017-07-04 16:50:03
花飘飘,力荐,追着看了十二天 我就记着是一部看完会满心澎湃赞叹着古人如此杰出的好看的纪录片,0,2012-01-25 03:32:27
hhhaaa,力荐,大学时选修清代宫廷史，课程快结束的时候，那个腼腆的男老师作为导游带我们去故宫参观，边走边讲故事。因为贪玩，我和张彦听了一会就跑开了。如果当时看过这个片子，我想我会认真一些的。同时推荐《台北故宫》。,0,2010-03-18 14:41:48
上主是我的牧者,力荐,支持国产纪录片，多不容易啊,0,2008-02-27 16:13:36
[已注销],推荐,前面还好。后面很爱国主义教育。,1,2011-08-10 21:56:38
萧潇箫,力荐,高中时做的有关珐琅磁介绍的演讲受此片启发。故宫情结也得益于此。,0,2011-03-04 13:20:49
啼鸟,力荐,唯一遗憾，太短了。故宫那么多珍宝，最好是每一件都来个特写加背景故事就好了。,0,2011-12-27 14:59:03
mavis,力荐,赞赞赞赞。虽然至今还没看完,0,2009-02-22 11:04:34
哆哆,力荐,这段时间都习惯中午午睡前看这部纪录片了 突然看完了觉得很不适应,0,2012-06-13 12:52:27
少绾,力荐,走心的纪录片。尤其喜欢拍摄。,0,2017-12-15 21:07:05
mOfaNg,力荐,看好顿觉——看过故宫的宝贝，其他的博物馆真的是可以都不要看了。此片画面优美，解说引人入胜，明清那些皇室规矩，百姓民俗什么的听完，真真是莞尔一笑。,0,2014-08-28 13:55:58
贤督,推荐,还可以 对很多未开放的文物做了一些介绍,0,2009-09-05 08:28:02
蛋挞圆溜溜,力荐,这才是故宫纪录片应该有的大气象，尽管有些地方形式大于内容。欢迎结合《故宫100》配套观看，效果更加。风流人物具往矣，唯有龙宫未故。,0,2014-07-05 14:24:52
微微阑珊,推荐,都应该看看,0,2009-07-05 23:09:55
茶博士,推荐,2005.10.30,0,2012-06-23 09:30:08
晴天曼陀罗,力荐,看的我热泪盈眶的！中国人的瑰宝啊！,0,2012-03-12 21:21:30
kidtcwx,推荐,SENS的音乐~,0,2010-06-28 00:30:57
K,力荐,故宫还是很不错的。,0,2010-04-20 19:38:20
不粘人的猫,力荐,故事化了，大量的再现，撰稿主观想象古人的心理。,0,2018-02-04 00:33:08
Johnny the jerk,力荐,真好看！角度选的很特别，不过还是有点主旋律……尤其是解说，声音真的是娓娓道来，听着就安静下来了。,0,2017-06-29 14:20:16
[已注销],力荐,正儿八经的纪录片,0,2012-02-19 04:40:20
femo,力荐,故国的典故，三维动画的还原,0,2005-12-29 12:51:26
alale,力荐,很棒的爱国主义宣传教育片，央视出的这些个纪录片都不错。恢宏大气，历史为线，历尽沧桑。去北京的时候走马观花的看了一遍，现在想想，皮毛的皮毛。高中学历史的时候也是应试，惭愧。,0,2016-02-02 15:20:22
眼与心,推荐,历代书画，大多未免于天灾人祸。故宫所藏，难得；故宫所展，几希。明日即去武英殿见面，我要迈出的是多么轻盈的一小步，她风尘辗转了千年。,0,2010-04-13 00:50:10
尭鹿,力荐,每看一次和故宫有关的片子就多一次崇拜和敬畏 一定要看遍故宫的春夏秋冬 ,0,2016-06-04 19:33:16
AliceOEs,力荐,五颗星是国产……虽然跟BBC的还是有一定差距啊！！,0,2011-02-01 20:39:38
clark,力荐,高中时曾断断续续看过几集，最近才一次性看完，有当时时代的局限性，但总体而言大气磅礴，故宫是符号化的，更是鲜活的，这部郑欣淼院长时代拍摄的纪录片，在今日单霁翔院长卸任后看来，依然很有时代意义。,0,2019-05-09 11:04:18
夏日,力荐,第一次认真看的纪录片  开启了我对纪录片的追逐,0,2011-04-08 14:04:09
pumcyoyo,力荐,有点沉重，画面上不如长江等让人心旷神怡。,0,2010-03-09 21:02:53
Ivy Win,力荐,很對我的味口啊,0,2010-02-11 20:59:54
谏山苇,力荐,这样的纪录片才是CCTV存在的意义,0,2013-08-13 10:45:56
村上发条橙,力荐,2010年1月看完。,0,2018-09-16 21:52:01
九月五的酒,力荐,很不错！唯一的遗憾就是明朝的部分有点少，要知道紫禁城不是只有满清一个王朝。,1,2013-01-31 02:12:53
Nov室思,力荐,我好想再去故宫 去国博 珐琅 陶瓷 书画 玉器 我果然还是最喜欢玉 嘻嘻,0,2019-10-02 20:49:18
啊欲穷千里目,推荐,不仅是一座宫殿，更是一段历史,0,2012-05-20 18:18:04
x人,力荐,配乐没有S.E.N.S给NHK的神啦，但是也耳目一新。编排比较好，没有那么沉闷。,0,2014-05-08 20:44:49
黎小影子,力荐,神秘的故宫，处处飘散着历史的尘埃，599年的故宫，一块石头都有它的小故事。从故宫建成到历代帝王的更替和珍贵文物的来历和收藏 ，讲得清晰明了，对故宫的喜爱又多了十分，令人惋惜的不是故宫文物的流散，而是对故宫文物的损毁。,0,2019-11-18 22:24:56
玛娜娜,推荐,跟圆明园一个毛病.,0,2008-01-19 17:34:23
Cosmos42,力荐,去北京之前先把这个看了，500多年的历史变迁，朝代更迭，历史变迁，不变的都是人对权力和利益的追逐。三希堂的宝贝中两个都是假的，富春山居图差点被殉葬，古今多少事，都付笑谈中,0,2013-11-04 23:48:43
bookandmovie,力荐,又开始复啃了!这样的东西看一遍是不够的！而且要上Museum去实践熏陶...画面非常干净!推荐!.,0,2008-07-29 16:13:21
安,力荐,历史，建筑，文物，人文等了解颇多，每次配乐响起，既庄重大气又悲凉惋惜,0,2018-01-17 22:35:13
Emmato,力荐,最新迷上纪录片，好几部都等着排队呢~感觉故宫文物还有大量流失在世界各地无从知晓，故宫本身还有许多未知之谜等待后人去探索发现！,0,2015-11-03 11:52:32
平平一点都不平,力荐,看完了，好舍不得～开头几集都是一边做事一边随便听听，就从讲故宫书画开始，各种故事就算客观描述也听得惊心动魄，上千年的字画能流传至今太不容易了。看完所有回过头来一回味，拍得很棒，内容丰富层次分明，真的增长了很多知识和也真的觉得为老祖宗的智慧而自豪。,0,2016-01-30 23:20:08
鱼年,力荐,有历史的东西最能安抚人心 更何况是六百年的建筑奇迹故宫。第十一集看哭 做故宫的脑残粉。,0,2017-04-07 22:18:16
pubb,力荐,动人故事娓娓道来,0,2007-11-15 20:20:56
临安有桃源...,推荐,荡气回肠的历史书卷,0,2008-06-19 23:39:41
人间小嫦娥,力荐,那年初三毕业 到故宫全搭着脚手架 那时候刚拍完故宫,0,2015-04-27 22:39:37
茕茕孑兔,力荐,具有这个时代纪录片的学术性、艺术性和人文情怀，虽然有些文案已经有舌尖后纪录片时代的无逻辑瞎jb矫情感，但瑕不掩瑜。,0,2019-03-06 19:49:56
记忆碎片,力荐,大陆少有的纪录片精品,0,2010-02-07 20:39:29
MacGuffin,力荐,故宫入门级,0,2013-06-14 01:26:00
stan,力荐,看过了第一集。天朝无乞丐，这是最震撼我的地方。,0,2011-07-01 22:07:10
M,推荐,喜欢从皇宫到博物馆后面几集，前面的集数无法摆脱解说词夸赞故宫伟大却叙述不清楚伟大之处,0,2015-01-11 01:35:05
Aisling,推荐,对故宫的兴趣在于它是明朝的皇宫，而非为了看满清的紫禁城,0,2013-05-30 21:01:11
Colorful_Trees,推荐,正统纪录片的叙事手法，配乐和拍摄，总之就是各种正。,0,2015-03-09 11:55:33
huanjie,力荐,故宫见证了中国几百年的沧海桑田，那些美轮美奂的瓷器、惊世绝伦的传世书画，背后拥有着多少传奇故事。看这部纪录片，我的感受从最初目不暇接的惊叹，到最后国宝遭难迁移的痛心惋惜。感谢民国政府、文物保护者和爱国收藏家为国宝传承作出的巨大贡献，让我们今天仍能看到这座中华民族文化宝库中的瑰宝。,0,2011-10-26 20:31:25
还是叫回屎忽妹,力荐,经典 一定要看 @白夜灯塔,0,2014-02-12 14:08:52
[已注销],力荐,周志强,0,2011-02-12 18:24:19
戈戈,力荐,“ 为神马眼里常含泪水，因为偶对这土地爱的深沉''。DVD珍藏之。,0,2011-08-22 02:41:37
连连,力荐,陪着父亲看了两遍的纪录片，当时的感觉就是这和我去旅游时看的是同一个故宫吗？有解说，有故事，透过镜头，看历史，看文化，看文物，热血沸腾，我国的纪录片拍的真好,0,2017-12-10 13:12:47
oublieZ moi,力荐,看纪录片的好处就是莫名其妙的很多细节都可以在脑子里记很久,0,2015-10-01 12:05:44
Tiberius,力荐,除了拍的确实好，神思者的背景音乐也棒极了！,0,2013-11-23 19:12:34
cliu6,推荐,本应该打5星，1星失在略枯燥。,0,2015-09-29 13:30:04
多丽丝,力荐,拍得大气磅礴，文物南运一集真是让人热泪盈眶~只是都运到台北了。,0,2012-01-03 19:21:42
葵小屯,力荐,備料達10年之久。遷都。,0,2011-12-11 22:23:48
小黛,推荐,实际观感要比期待之中的高许多，可惜DVD没有英文字幕。,0,2007-08-16 12:09:47
迷途,力荐,太棒了下辈子投胎还要来我大天朝呜呜呜！,0,2013-11-12 12:29:51
白胖不美,推荐,详细介绍故宫的历史以及各种珍藏宝物，全面了解故宫！,0,2013-11-24 13:13:33
顾小明,力荐,我有一个故宫梦,0,2010-08-14 22:42:32
hamill,推荐,The.Palace.Museum.720P.HDTV.x264.AC3-CHD,0,2017-02-10 21:50:41
爱慌情乱,推荐,优良的长篇 ,0,2010-03-26 10:31:14
小恩ちゃん,力荐,开头特效震撼。一个俯冲镜头穿越历史时空，电影感十足。,0,2019-05-10 11:23:56
welcoming-,力荐,今年是故宮修建六百年的日子，偶然發現此紀錄片，以每晚觀一集，共十二晚結束觀影。從明代到清朝，從故宮建造到房屋陳設，都經歷了兩百多的變化。由衷地讚美古代勞動人民的智慧與聰穎，建成了一個舉世矚目的宮殿，裡面的文物更是令人無不讚嘆，儘管經歷了無數戰爭與侵略者的掠奪，但還是得以保存下來，感謝古往今來為故宮、文物作出貢獻的無數先人，讓故宮成為世界上一朵嬌豔的奇葩。,0,2020-02-12 13:07:46
PoOrEsT,力荐,CCTV令人驚艷的一部紀錄片，基本上總結、運用了BBC/DISCOVERY的拍攝手法。,0,2013-02-09 00:12:55
肿么办,力荐,抗战5年带着几万宝贝东躲西藏一件没少没坏 不知道文革毁了多少 心痛 看完想去住下颐和园aman,0,2017-10-09 16:45:58
玖玥,力荐,被水晶石震撼了,0,2009-04-23 20:23:16
乌啦啦噜啦啦,推荐,其实可以做的更好。。,0,2012-03-19 09:28:09
天才朱青大人,力荐,真好看啊，每次看完都想去故宫……真佩服古代的人！,0,2010-08-07 15:12:02
江未,推荐,运动镜头 升格 时空交替 音乐节奏,0,2014-01-17 12:51:23
十七楼的幻想,力荐,每去一个城市，只要有博物馆，我都会去的。。。,0,2011-04-14 14:05:22
若一珍宝,推荐,还不错,0,2011-03-24 14:19:38
尹航,推荐,我希望自己可以变得有文化。不过导演有点絮叨！,0,2011-09-30 07:33:15
仰望星空,推荐,深入浅出，可谓佳作。,0,2015-01-08 23:07:44
[已注销],力荐,mark。当年的中央九套，每天必追…看了好多遍…,0,2017-05-14 10:54:40
锅巴菜娃,力荐,全球各地遍布紫禁城之物，当那些国家再向我们借外债的时候，我们要有条件的讨回！,0,2012-03-21 17:30:53
、radio,力荐,对西方文明的“入侵”部分最感兴趣 和近代中国史发展如出一辙，新鲜的科技在内廷是玩具 在滨海城市是进攻的枪和炮,0,2019-07-07 23:08:41
谢谢你们的鱼,力荐,我不知道什么《舌尖上的中国》，但我知道《故宫》是一部很棒的纪录片。,1,2012-07-10 20:56:41
小肚胖胖,力荐,Best of all,0,2010-03-05 18:33:40
芝草,力荐,从此爱上瓷器,0,2007-05-24 20:37:19
小雨i小兔,力荐,一个字：“美”！,0,2011-03-04 15:17:02
franmacea,推荐,涨姿势的纪录片,0,2014-03-18 19:09:23
了物,力荐,是谁创造了历史，又是谁在历史中创造了伟大的文明？,1,2019-05-17 16:03:51
sherishan,力荐,"故宫的风景拍的真美

",0,2012-02-14 22:49:30
紅星,推荐,我们高中究竟是有多闲，竟然把这整部都看完了…从此知道了S.E.N.S,0,2017-12-11 10:05:31
白衣卿相,力荐,很翔实,0,2010-07-31 15:53:21
疯人院的窗户,力荐,下了很久，看了很久，感触很久,0,2012-01-08 17:03:42
十五度,力荐,一个王朝的更替留给我们的也只剩下这么多了,0,2008-08-16 09:40:00
深深不洗,力荐,   真的很有韵味。我们的历史必须是这样枝叶丰满的，而不该是长期的大刀阔斧式的杂碎。,0,2011-12-26 17:41:53
sheepshi,力荐,深邃的镜头动人的描述，总勾起重游故宫的念想，无奈太商业化的景点游人总也体味不出片中的情结。,0,2012-04-03 16:39:37
逆光,力荐,当时每天晚上都看的...确实拍得非常精彩,0,2010-02-19 16:08:49
…指尖…,力荐,还不错的国产纪录片,0,2013-04-30 17:57:53
IkaZhou,力荐,无法不给五星～,0,2009-07-04 03:41:23
兔牙小姐,力荐,我爸推荐。,0,2013-04-18 14:15:00
姨妈的鸭,力荐,那个模型！！！！！！1,0,2012-05-16 13:37:53
钝刀龙戈,推荐,爸爸特别喜欢。是我这个寒假的美好记忆。,0,2014-02-17 18:05:26
暖暖的阳光,力荐,对历史感兴趣，中国历史中更少不了对故宫的好奇并想了解，此纪录片特意搜索下载来看的。故宫太有魅力了！去故宫参观的时候好多历史知识都是这部纪录片中了解到的。,0,2016-04-27 14:43:17
暮云访圣,推荐,在没去过故宫之前，对故宫的了解都是通过它…,0,2017-06-23 00:38:42
balababa,推荐,总感觉逻辑方面乱乱的 一会儿明代一会儿清代的 不过还是挺不错 听科普的,0,2015-01-04 20:30:12
麦卡,推荐,画面好,0,2011-06-14 10:26:33
道地绿茶,力荐,还是这个拍得好，沧桑变幻啊,0,2012-02-20 01:38:17
欣zi,力荐,美，和《台北故宫》一起看,0,2009-03-07 21:21:08
张,力荐,当初看时感觉很震撼。,0,2011-01-26 10:48:36
凉风有心,力荐,值得收藏的专题片之一，中国人的文化财富。,0,2015-11-27 15:12:29
晴奋,力荐,故宫种种，文化的保留与传承,0,2011-05-01 20:01:40
123456沙棘,推荐,神秘威严还有那么多故事的故宫,0,2017-04-07 16:23:59
林啸,推荐,中国似乎也只有纪录片才能有这样的水准。,0,2006-03-06 23:01:56
在逃黄油啤酒,力荐,小舅给我推荐的。非常好看。我对故宫就是迷之热爱。,0,2016-04-20 19:46:14
小雨,力荐,十一集《国宝大流迁》。看到那些国宝为了躲避战乱四处流离，真的很揪心,0,2019-07-27 12:37:28
mdhu,力荐,05年啊，那很不错啊。,0,2019-06-28 21:32:40
bitzx,力荐,"纪录片看起来还是挺震撼的，看得有点儿心血澎湃呀~故宫依然是我们的骄傲~
与此前日本和央视的故宫纪录片相比，这个是专门只讲故宫，而后者则是以故宫文物为纲串起来中华文明，各有特色。
但是不得不说，日本的纪录片还是相对比较纪实，国人自己拍摄的纪录片有点儿个人色彩，尤其个人采访部分。",0,2016-04-02 14:08:04
Ryan,力荐,央视做这方面很在行，强烈推荐高清版本,0,2008-08-22 17:38:38
Mavis,力荐,我有極為嚴重的故宮情結。,1,2010-09-25 15:43:11
辛弈,力荐,值得珍藏,0,2009-07-02 23:50:10
白无常,力荐,也是看过很多次了，最喜欢第1，2集和故宫藏玉。。。,0,2010-08-16 11:42:07
小白花小粉花,力荐,故宫启蒙纪录片，每次去北京必去故宫，对这座宫殿爱的深沉,0,2016-12-12 17:43:04
小白兔吃胡萝卜,力荐,我喜欢的厚重的历史感！,0,2010-06-21 11:02:57
Macadamia,力荐,真的很好看,0,2012-08-29 12:02:55
Suec,力荐,2007年12月，特别爱历史特别爱故宫！,0,2016-12-28 16:36:30
圆紫凝,推荐,"大一,城规2班,盛事屋脊.",0,2011-04-26 21:06:04
yufranktian,力荐,初中美术老师每节课放一集。,0,2013-11-17 22:27:58
小蛋黄苦苦,力荐,尤爱盛世的屋脊。,0,2010-03-30 12:36:44
董筱珊,力荐,十多年前做纪录片论坛，听周兵老师谈过拍摄背后的故事。印象最深的是从春到冬的大量延时，第一次有人把故宫拍得那么美。,0,2018-11-10 21:53:59
babyfat1,力荐,光影下的故宫特别的美,0,2010-09-04 14:00:52
阿梦梦,力荐,我入纪录片坑和入历史坑的启蒙作～,0,2019-03-12 21:46:17
Banana,推荐,缺了一段历史,0,2011-07-25 23:57:28
Ms.R,力荐,"强烈激发爱国心和民族自豪感的纪录片。

你要记住。你来自这样一个伟大而杰出的民族。
",0,2008-10-08 01:14:05
云中漫步,力荐,中华文明博大精深,0,2013-04-26 15:44:12
天堂应该是图书馆的模样|UP,推荐,"作为一部国产的纪录片

我们应该鼓励

应该支持

所以他还是不错的",0,2009-08-24 18:11:17
从前有个山大王,力荐,长中国人志气,0,2010-02-13 18:38:29
Nigredo,力荐,有一年除夕通宵连放，没有熬住。。很好看！！,0,2011-04-06 19:56:01
在在冬眠,力荐,从历史文化到建筑结构，从宫廷礼仪到旅游开发，多角度解说了故宫，学到了很多知识,0,2017-01-15 22:14:15
4点蚊怕水,力荐,永远的故宫,0,2006-04-29 22:47:17
Sang Chow,力荐,CCTV.com,0,2020-07-26 23:00:19
禾城小子,力荐,我看过的很不错的纪录片，精良的画面，严谨的实录。很有人文气息。希望多有这样的作品出现。,0,2010-11-14 13:17:44
一蓦MO,力荐,能不能就静下心来，好好看片,0,2014-03-24 20:01:47
残阳,力荐,中国的建筑历史纪录片真的世界顶尖水平,0,2016-12-27 00:25:20
哭泣的橘子,推荐,看完，确实想再去一次了。,0,2014-01-26 08:32:21
小九,力荐,大家一起来加入纪录片的行列吧。。,0,2011-05-02 09:42:07
北溟鱼,力荐,剪片子之人的必备啊~喜欢苏聪的配乐~,0,2008-05-03 23:48:54
弗小西,力荐,看完很感动。。物是人非，无非说的就是这样。我们努力保护的，是我们自古走来的足迹，我么能看到的，也有国运兴衰的证明。。,0,2012-06-09 17:37:44
涸辙枯鱼,力荐,我还是要说那句听起来很俗气的话，此生无悔入中华~,0,2017-11-05 15:38:20
绿,推荐,朝廷台拍的很大气,0,2013-01-09 11:03:48
Show,推荐,前面几集不错，动画效果做得很好，很多一镜到底。,0,2012-02-25 13:49:58
ophelia,力荐,这是我收集的第一套纪录片！其实我觉得中国自己拍的纪录片其实质量还是不错的。《故宫》《舌尖上的中国》《远方的家》皆属上乘之作~对于这类纪录片我能打10星吗？~~,0,2013-07-24 11:53:25
林夕,力荐,好片子，应该收藏一套碟，不时地回味,0,2006-09-23 01:45:02
Lilith,力荐,CCTV10正在播喔！好看~对故宫加深了了解,0,2012-04-24 23:52:44
成知默,推荐,故宫往事帝国背影，历史线索稍显混乱、浅尝辄止，倒是更喜欢讲瓷器、书画等文物的那几集。,0,2013-05-12 19:07:21
如意,推荐,开始几集不错阿，书画什么的由于没有鉴赏能力，所以觉得有点无聊。。喜欢里面做的那种动画，有中国特色。,0,2014-08-19 22:07:28
赛大可,推荐,绝好的纪录片 民国时期大学者们带着几千箱文物逃难 在日本鬼子的炮火下 文物居然全部完好无损 真是祖宗们在保佑啊,0,2014-12-30 20:01:04
沉沦魔,推荐,国家灭亡了还能复兴，文化断代了就不能续传了！,0,2019-11-17 08:02:26
南薰,力荐,很有价值，值得细细研究,0,2012-07-20 18:48:38
Easy!Rider,推荐,没有看前期待中的好。大气倒是大气，却不够细致。后几集很红，我理解对于这样一个主题，这样一座宫殿来说，这是必要甚至必须的。但内心还是有些许抗拒的。不是抗拒他的红，而是因为红，失去了艺术性。看了下跟《敦煌》一个导演，怪不得跟它一个路数。,0,2019-09-05 00:45:21
降雨概率,推荐,看的汗毛都竖起来了,0,2013-06-03 08:39:58
杨小画,力荐,非常棒的纪录片〜,0,2014-01-22 13:55:05
南條某葉,还行,还不错，但也没大家说的拍的那么神~~看到后面就觉着无聊了。,1,2012-05-26 22:07:02
土笋東,还行, 肇建紫禁城中运用的三维动画设计简化了影像叙事的琐碎，让我感到眼前一亮。历史深厚的文化沉淀与璀璨的华夏文明运用技术表现地深入人心。,0,2011-11-03 13:25:48
旧垣结衣,还行,感觉不是我想象的哦,0,2011-03-25 23:02:46
[已注销],还行,画面拍得不错；解说一如既往地走中老年男性路线——听得老子都睡着了，请下次不要这么装b，就算装也不要这么肉麻；解说词很烂，空洞无物。3*是专门给摄影师的，其他的0*。,0,2012-08-25 17:05:51
AW,还行,没我想象中的好 记得倒数第二集说：在这样的转移中没有一件损毁是一件奇迹，在全世界也是绝无仅有的 我想我不需要这样让人悲哀的奇迹,1,2006-08-07 17:13:27
donchen,还行,摄影很美，内容空泛。。。,0,2010-05-23 12:18:04
猪小妩,还行,电视剧就是电视剧 线索太零散 以时间为线索的编排 让我看的晕晕沉沉 如果以宫殿 或者方向位置为线索就好了 ,0,2008-05-31 07:49:20
一一🍉,还行,先看的故宫，还以为颐和园原班人马打造呢，，纪录片可以拍得很好看，只是故宫和颐和园这么好的题材，却没有拍出彩来。。。,0,2013-03-23 22:58:38
Mr Electron,还行,perfer the NHK version more.,0,2007-02-14 23:33:02
徐小花,还行,喝茶看故宫,2,2008-07-29 16:51:17
月明,还行,看是看了，记倒也没记住多少。,0,2009-03-02 22:10:16
S.H.,还行,片子尔尔，下次上京，定要再进紫禁城，瞧个底朝天。,0,2009-04-07 20:53:00
__Haru 。,还行,典型的中国纪录片风格，态度很认真，但略显拖沓，条理也不甚清楚。作为了解故宫的入门片可以一看，看完之后再逛故宫必会有很多不一样的感受。,0,2015-08-21 14:22:12
周十万,还行,教化气重得像道学先生长袍缝里发出来的霉味,0,2008-08-13 21:54:14
我不会记得,还行,看完故宫100再看这个，太失望了。,0,2016-03-21 19:31:30
[已注销],还行,音乐和旁白搭配起来氛围有点太沉重了,0,2010-09-03 10:37:01
周咒,还行,china~,0,2008-02-11 19:15:36
Leleleleeeeeee,还行,能不能有点创新，像老太婆的裹脚布。,0,2011-09-13 00:33:48
dreaming,还行,前面几集好像在说紫禁城的历史，但实际上不知不觉沉迷于叙述宫廷秘史，压缩成一集足矣。后面几集还不错。,0,2014-09-10 16:00:06
junejasmine,还行,就当读书时候的历史书看吧，不是很喜欢那个解说的声音。不过无论如何，我觉得故宫能保存下来，是一件神奇和该庆幸的事情。,0,2012-08-28 22:23:51
叮叮当,还行,看得是瓷器那一集。毕岳琨作品。,0,2012-04-07 19:28:23
handso,还行,叫故宫大修记更合适,0,2009-04-21 21:53:10
heidi,还行,叙事化的平庸纪录片 ,0,2009-10-12 08:27:51
梵高先生,还行,科普教育 放在央视十套还行 ,1,2012-02-25 14:54:17
程二爷,还行,画面完美，但是缺一点深度。,0,2013-07-20 22:40:19
HansSachs,还行,"跟NHK那个相比,高下立判",0,2008-03-20 13:03:45
醺,还行,中规中矩 大气有料 浅浅浅。启功和朱家溍黑框了,0,2015-02-07 09:41:40
彭大王,还行,当年还买了碟。只是对我来说显得比较空洞。,0,2010-11-23 21:20:38
GGC,还行,国产不知所云纪录片又一巅峰之作，可怜的故宫。,0,2010-09-19 16:01:48
公子Rong,还行,零零散散看了一些,0,2014-04-07 00:24:17
非虚构,还行,#纪录片# 纪录片工业化。,0,2017-08-17 09:43:56
翼,还行,我觉得这个挺好嗒,0,2008-09-05 18:39:40
清凉油豪情万丈,还行,也是在上海人文艺术频道看的，之前看过却没有记录,0,2015-10-22 15:33:02
末末,还行,片子拍的没太大新意，就是看着玩那种感觉。旁白讲的故事也一般，没什么震撼力的感觉。镜头也没够美。,0,2018-10-24 08:44:26
优丽酱,还行,我爱故宫！信仰！穿越！,0,2011-11-10 19:49:46
吮边,还行,"广告做得好,不如真的故宫好.故宫DVD盛名之下,其实也没想象中好看.倒是让人好想去故宫看看~~~",0,2005-12-10 23:36:23
MaxinAn,还行,通过对白讲故事，画面的辅助作用一般般吧，但也有趣。,0,2017-12-17 23:44:17
懒猫,还行,不错，虽然里面有些错误,0,2008-10-15 10:23:51
S.,还行,喜欢清朝末年那段,0,2013-10-07 21:32:44
木木示言,还行,前幾集挺好的，後面幾集挺亂的。。,0,2014-07-24 13:01:29
Linda,还行,爷现在控纪录片,0,2011-06-21 16:50:25
没谁了,还行,旁白的声音 着实讨厌极了,0,2012-06-21 11:17:48
慢三秒～,还行,我居然把它看完了，主要还是关于历史文化方面的,0,2015-03-06 16:35:46
可你不愿意,还行,教材片~,0,2011-11-01 23:59:29
香蕉鱼,还行,台北故宫讲藏品，北京故宫就只能讲故事讲房子了。,0,2017-12-06 19:15:15
ImHoru,还行,讲解竟然有卷舌头，尤其在平舌音明显。画面有压抑感，加上有时诡异的配音和清朝的服装，有种恐怖片的感觉，再加上个人对于清朝历史无好感的因素，整体感受中下。,0,2020-03-04 23:45:37
执圭,还行,央视风。制作精良。,0,2011-02-05 23:13:03
铛铛一下,还行,凑合,0,2011-01-16 11:07:01
janeminibreak,还行,后三集讲藏品的还不错！,0,2012-12-31 00:07:40
视觉植物,还行,没看完,0,2006-04-10 15:07:47
丁丁,还行,难得的好纪录片,0,2012-07-25 11:44:50
梅花牛,还行,形式大于内容。,0,2017-10-11 23:51:36
张恩灿,还行,专门找来看。事实上纪录片更能够启迪我们。这应该算我看过的第第一部完整的纪录片。我想我会爱上纪录片。,0,2012-09-25 22:33:31
Kleineweisse,还行,节奏较慢,0,2014-03-12 00:08:32
夜奔,还行,鬼片的质感,0,2019-04-12 20:27:05
Nicole,还行,全方位了解故宫，拍的很好啊。,0,2017-02-18 09:46:38
DominicZ59,还行,不怎么好 配乐差,0,2016-01-01 15:08:24
皓仔,还行,极致的皇权,0,2015-08-07 12:25:59
πΩπ|假寐,还行,for homework,0,2009-04-15 22:46:46
花向阳,还行,有点冗长无味,0,2018-03-14 16:24:58
黑蛇,还行,信息密度比较低,0,2017-03-28 21:09:48
bruceby,还行,一般一般,0,2013-02-16 14:08:10
想跳舞的董姐姐,还行,记录片里的《英雄》,0,2007-03-11 21:31:07
Silver,还行,说实话还是太闷了。,0,2018-11-19 10:23:58
華青浮沉,还行,尊重,0,2009-07-03 15:49:47
Wohl是唐晓芙,还行,及格,0,2016-08-09 16:17:22
倩倩,还行,从故宫的建筑艺术、使用功能、馆藏文物和从皇宫到博物院的历程等方面，全面展示故宫辉煌瑰丽、神秘沧桑的宫殿建筑、丰富多彩，经历传奇的珍贵文物，讲述不为人知、真实鲜活的人物命运、历史事件和宫廷生活。触摸历史跳动的脉搏，传承源远流长的中华文明。,0,2016-05-06 15:19:27
秀一,还行,一般般，没看完,0,2012-07-15 16:35:18
真视之瞳,还行,还行的国产纪录片,0,2011-02-25 16:27:32
庄庄Flora,还行,一般,0,2010-11-09 16:40:16
...stella,还行,典型的中国式记录,0,2008-09-17 23:00:28
凡夫俗子,还行,较之台北故宫 就相形见绌了,0,2012-10-26 20:32:50
朱圆通,还行,大部份都是清朝的 明朝仅仅作为起源说了一集 明朝二百多年对故宫的建造修缮就一集糊弄过去了,0,2016-11-03 16:52:32
林泉,还行,后面几集越做越烂了。,1,2010-04-04 14:29:58
彻紫的秘密阁楼,还行, ,0,2016-06-02 08:56:17
张宝根,还行, ,0,2012-04-23 23:00:07
潘驢鄧小閑,还行, ,0,2010-10-17 23:07:53
丫头,还行, ,0,2009-11-02 01:02:07
tg貓,还行, ,0,2017-11-13 17:04:44
青楼杰出女性,还行, ,0,2012-04-02 19:52:36
笑迎风,还行, ,0,2011-07-04 11:09:01
freaks4th,还行, ,0,2009-04-08 12:14:21
光年‖影视歌三栖民工,还行, ,0,2008-11-23 03:08:01
莉_oba,还行, ,0,2018-12-20 20:33:01
发条mario.,还行, ,0,2010-10-24 22:40:33
水工凡子Fancie,还行, ,0,2016-06-08 10:45:31
尚品,还行, ,0,2007-11-27 14:03:22
闲花,还行, ,0,2011-01-24 21:33:15
leonon1990,还行, ,0,2014-04-16 20:56:54
我不是高富帅,还行,看过BBC的记录片后，这个简直就是。。。YY片,0,2012-11-14 21:50:55
西出阳关,还行, ,0,2011-04-26 09:41:02
♥little bean♥,还行, ,0,2006-10-22 13:58:55
Hijikata Tsuki,还行, ,0,2013-04-05 19:38:17
初一你怕什么,还行, ,0,2009-01-23 01:02:35
㈦月,还行, ,0,2007-08-30 18:15:49
莫问话,还行, ,0,2016-01-17 15:12:58
songyinxian,还行,音乐做得不错。,0,2011-01-07 09:09:03
喵呀猫,还行,总觉得逻辑性不强,0,2016-06-02 12:41:29
极盗兔,还行,拍得很美，但拍不出故宫的威仪。,0,2015-09-17 06:31:09
9527·杨过与小龙女,还行, ,0,2012-09-21 11:14:37
